{"camera":{"position":[4.2361603,7.3252134,12.708494],"controller":true,"fov":55.0,"near":0.01,"far":1000.0},"background":[0.21377777,0.21116877,0.25490195,1.0],"wireframe":[0.06862748,0.06862679,0.06862679,1.0],"active":[0.8284236,0.51573914,0.82843137,1.0],"sleeping":[0.78431374,0.7843059,0.7843059,1.0],"solid":true,"wire":true,"wire_size":4.0,"aabb":false,"lighting":true,"shadows":false}