{"solid":true,"wire":true,"wire_size":2.204,"axis":true,"individual_axis":false,"aabb":true,"names":true,"lighting":false,"shadows":false,"camera":{"controller":true,"eye":[2.9269743,6.2903333,10.432097],"center":[-0.33718786,-0.23378375,-0.16861212],"fov":55.0,"near":0.01,"far":1000.0},"background":[0.3076595,0.28352076,0.33823532,1.0],"wireframe":[0.0,0.0,0.0,1.0],"active":[1.0,0.5,1.0,1.0],"sleeping":[0.7,0.7,0.7,1.0],"selected":[1.0,1.0,0.5,1.0],"aabb_color":[1.0,1.0,1.0,1.0]}