{"solid":true,"wire":true,"wire_size":1.0,"axis":true,"individual_axis":false,"aabb":false,"names":false,"origins":true,"lighting":false,"shadows":false,"camera":{"controller":true,"eye":[4.2622848,9.535626,10.60966],"center":[-1.1010814,2.4986994,-0.28835028],"fov":55.0,"near":0.01,"far":1000.0},"background":[0.35277793,0.3428489,0.42647058,1.0],"wireframe":[0.0,0.0,0.0,1.0],"active":[0.99999356,0.7058823,1.0,1.0],"sleeping":[0.7,0.7,0.7,1.0],"selected":[0.8352941,0.8352941,0.6039216,1.0],"aabb_color":[0.0,1.0,1.0,1.0]}