{"solid":true,"wire":true,"wire_size":1.0,"axis":true,"individual_axis":true,"aabb":false,"names":false,"origins":true,"lighting":false,"shadows":false,"camera":{"controller":true,"eye":[15.775151,10.353959,12.5145235],"center":[1.3494691,0.35650903,0.8864844],"fov":55.0,"near":0.01,"far":1000.0},"background":[0.35277793,0.3428489,0.42647058,1.0],"wireframe":[0.0,0.0,0.0,1.0],"active":[0.99999356,0.7058823,1.0,1.0],"sleeping":[0.7,0.7,0.7,1.0],"selected":[0.8333333,0.8333333,0.60457516,1.0],"aabb_color":[0.0,1.0,1.0,1.0]}