{"solid":true,"wire":true,"wire_size":1.0,"axis":true,"individual_axis":false,"aabb":false,"names":false,"origins":true,"lighting":false,"shadows":false,"camera":{"controller":true,"eye":[-8.107021,9.627401,2.474154],"center":[-0.233495,0.8769017,-0.037906177],"fov":55.0,"near":0.01,"far":1000.0},"background":[0.35277793,0.3428489,0.42647058,1.0],"wireframe":[0.0,0.0,0.0,1.0],"active":[0.99999356,0.7058823,1.0,1.0],"sleeping":[0.7,0.7,0.7,1.0],"selected":[0.8352941,0.8352941,0.6039216,1.0],"aabb_color":[0.0,1.0,1.0,1.0]}